{"cameraMode":{"drawMode":0,"name":"Shaded","section":"Shading Mode"},"sceneLighting":false,"audioPlay":false,"sceneViewState":{"showFog":true,"showMaterialUpdate":false,"showSkybox":false,"showFlares":true,"showImageEffects":true,"showParticleSystems":true},"in2DMode":false,"pivot":{"x":4.4613213539123539,"y":-2.284109592437744,"z":-7.172635078430176},"rotation":{"x":-0.019634956493973733,"y":-0.9783687591552734,"z":0.11053430289030075,"w":-0.17379657924175263},"size":7.011795997619629,"orthographic":false}