{"cameraMode":{"drawMode":0,"name":"Shaded","section":"Shading Mode"},"sceneLighting":true,"audioPlay":false,"sceneViewState":{"showFog":true,"showMaterialUpdate":false,"showSkybox":true,"showFlares":true,"showImageEffects":true,"showParticleSystems":true},"in2DMode":false,"pivot":{"x":-7.364737510681152,"y":-9.114861488342286,"z":25.98373031616211},"rotation":{"x":-0.15941444039344788,"y":0.15042096376419068,"z":-0.024564921855926515,"w":-0.9753909707069397},"size":18.592487335205079,"orthographic":false}