{"cameraMode":{"drawMode":0,"name":"Shaded","section":"Shading Mode"},"sceneLighting":true,"audioPlay":false,"sceneViewState":{"showFog":true,"showMaterialUpdate":false,"showSkybox":true,"showFlares":true,"showImageEffects":true,"showParticleSystems":true},"in2DMode":false,"pivot":{"x":-4.531662940979004,"y":5.419210433959961,"z":12.979537010192871},"rotation":{"x":-0.22149914503097535,"y":0.5824503302574158,"z":-0.16894368827342988,"w":-0.7636411786079407},"size":10.0,"orthographic":false}